annotator_id,name,paper_ids,calibration_paper
ANN001,Maitreya,"iclr26_0hdSiZ1br0,colm25_9ffYcEiNw9,iclr25_yIdCQFvbYe,iclr24_UTGv8CayNt,iclr26_oLxx7OhAb1,iclr24_4IT2pgc9v6,iclr26_RTTYGeC2Io,iclr26_NmxEQakIPK,iclr26_xwOxp1kwiO,nips24_IAse6CAG26",nips24_IAse6CAG26
ANN002,Ketaki,"iclr26_rkdyFPgIE2,iclr26_qHfPIVFGxs,iclr25_znL549Ymoi,iclr26_0hdSiZ1br0,colm25_9ffYcEiNw9,iclr25_yIdCQFvbYe,iclr24_UTGv8CayNt,iclr26_oLxx7OhAb1,iclr24_4IT2pgc9v6,nips24_IAse6CAG26",nips24_IAse6CAG26
ANN003,Yash,"iclr25_c4498OydLP,iclr25_vrCT5uCdYp,iclr26_EJ8HnNTEAv,iclr26_rkdyFPgIE2,iclr26_qHfPIVFGxs,iclr25_znL549Ymoi,iclr26_0hdSiZ1br0,colm25_9ffYcEiNw9,iclr25_yIdCQFvbYe,nips24_IAse6CAG26",nips24_IAse6CAG26
ANN004,Archisha,"iclr25_xMOLUzo2Lk,iclr24_huwR9N2ea0,iclr24_ExZ5gonvhs,iclr25_c4498OydLP,iclr25_vrCT5uCdYp,iclr26_EJ8HnNTEAv,iclr26_rkdyFPgIE2,iclr26_qHfPIVFGxs,iclr25_znL549Ymoi,nips24_IAse6CAG26",nips24_IAse6CAG26
ANN005,Saumya,"nips24_r0eSCJ6qsL,iclr26_fbGmSV6tUw,iclr25_ReccFdn4zE,iclr25_xMOLUzo2Lk,iclr24_huwR9N2ea0,iclr24_ExZ5gonvhs,iclr25_c4498OydLP,iclr25_vrCT5uCdYp,iclr26_EJ8HnNTEAv,nips24_IAse6CAG26",nips24_IAse6CAG26
ANN006,Himani,"nips24_MncgmW8b6q,iclr26_0qFN7Ugt4k,iclr25_E1SaL8aK7k,nips24_r0eSCJ6qsL,iclr26_fbGmSV6tUw,iclr25_ReccFdn4zE,iclr25_xMOLUzo2Lk,iclr24_huwR9N2ea0,iclr24_ExZ5gonvhs,nips24_IAse6CAG26",nips24_IAse6CAG26
ANN007,Kripi,"iclr25_TbOcySs6g8,iclr26_5Rs6MpXD7D,iclr26_UaWHob8Zxx,nips24_MncgmW8b6q,iclr26_0qFN7Ugt4k,iclr25_E1SaL8aK7k,nips24_r0eSCJ6qsL,iclr26_fbGmSV6tUw,iclr25_ReccFdn4zE,nips24_IAse6CAG26",nips24_IAse6CAG26
ANN008,Vyakhya,"iclr26_EfxT5mUQgS,nips24_o9Lkiv1qpc,iclr26_UFwgg44VZq,iclr25_TbOcySs6g8,iclr26_5Rs6MpXD7D,iclr26_UaWHob8Zxx,nips24_MncgmW8b6q,iclr26_0qFN7Ugt4k,iclr25_E1SaL8aK7k,nips24_IAse6CAG26",nips24_IAse6CAG26
ANN009,Meemansa,"nips24_OP3sNTIE1O,iclr25_0x8wWloW2O,iclr25_0oWGVvC6oq,iclr26_EfxT5mUQgS,nips24_o9Lkiv1qpc,iclr26_UFwgg44VZq,iclr25_TbOcySs6g8,iclr26_5Rs6MpXD7D,iclr26_UaWHob8Zxx,nips24_IAse6CAG26",nips24_IAse6CAG26
ANN010,Paridhi,"iclr25_ybFRoGxZjs,nips23_hVVp8TXIPs,iclr26_mNx4wdJWrC,nips24_OP3sNTIE1O,iclr25_0x8wWloW2O,iclr25_0oWGVvC6oq,iclr26_EfxT5mUQgS,nips24_o9Lkiv1qpc,iclr26_UFwgg44VZq,nips24_IAse6CAG26",nips24_IAse6CAG26
ANN011,Janya,"iclr24_PAfnMGXief,iclr26_reLSTmQg5G,iclr26_iH2yiN1xsn,iclr25_ybFRoGxZjs,nips23_hVVp8TXIPs,iclr26_mNx4wdJWrC,nips24_OP3sNTIE1O,iclr25_0x8wWloW2O,iclr25_0oWGVvC6oq,nips24_IAse6CAG26",nips24_IAse6CAG26
ANN012,Rohit,"iclr24_bXLOOoR2ft,iclr26_Hghm8tVvbs,iclr24_ipWSxcmgsx,iclr24_PAfnMGXief,iclr26_reLSTmQg5G,iclr26_iH2yiN1xsn,iclr25_ybFRoGxZjs,nips23_hVVp8TXIPs,iclr26_mNx4wdJWrC,nips24_IAse6CAG26",nips24_IAse6CAG26
ANN013,Abhinav R,"iclr25_ok5NweADUB,iclr26_8jSoX4piAf,nips24_QXkFC7D6p4,iclr24_bXLOOoR2ft,iclr26_Hghm8tVvbs,iclr24_ipWSxcmgsx,iclr24_PAfnMGXief,iclr26_reLSTmQg5G,iclr26_iH2yiN1xsn,nips24_IAse6CAG26",nips24_IAse6CAG26
ANN014,Gaurav,"iclr26_F2USOqa0La,iclr26_ilPTK1CzBp,nips24_HSRs6yyuUK,iclr25_ok5NweADUB,iclr26_8jSoX4piAf,nips24_QXkFC7D6p4,iclr24_bXLOOoR2ft,iclr26_Hghm8tVvbs,iclr24_ipWSxcmgsx,nips24_IAse6CAG26",nips24_IAse6CAG26
ANN015,Debangan,"colm24_wi9IffRhVM,iclr26_qD4N15aL2W,iclr25_NiNIthntx7,iclr26_F2USOqa0La,iclr26_ilPTK1CzBp,nips24_HSRs6yyuUK,iclr25_ok5NweADUB,iclr26_8jSoX4piAf,nips24_QXkFC7D6p4,nips24_IAse6CAG26",nips24_IAse6CAG26
ANN016,Amey,"iclr26_r00UxTl8El,iclr26_J9qGnGOfuY,iclr24_6N8TW504aa,colm24_wi9IffRhVM,iclr26_qD4N15aL2W,iclr25_NiNIthntx7,iclr26_F2USOqa0La,iclr26_ilPTK1CzBp,nips24_HSRs6yyuUK,nips24_IAse6CAG26",nips24_IAse6CAG26
ANN017,Meet,"iclr26_EDAgekcxwi,nips24_Luxk3z1tSG,iclr25_taHwqSrbrb,iclr26_r00UxTl8El,iclr26_J9qGnGOfuY,iclr24_6N8TW504aa,colm24_wi9IffRhVM,iclr26_qD4N15aL2W,iclr25_NiNIthntx7,nips24_IAse6CAG26",nips24_IAse6CAG26
ANN018,Soumil,"iclr24_ZAgrdEhcr4,nips24_Zb2ixT19VF,nips23_dDk6URGRXP,iclr26_EDAgekcxwi,nips24_Luxk3z1tSG,iclr25_taHwqSrbrb,iclr26_r00UxTl8El,iclr26_J9qGnGOfuY,iclr24_6N8TW504aa,nips24_IAse6CAG26",nips24_IAse6CAG26
ANN019,Harsha,"iclr25_2JN73Z8f9Q,iclr26_4DWFxTdsW3,iclr26_iyIzaoDVrT,iclr24_ZAgrdEhcr4,nips24_Zb2ixT19VF,nips23_dDk6URGRXP,iclr26_EDAgekcxwi,nips24_Luxk3z1tSG,iclr25_taHwqSrbrb,nips24_IAse6CAG26",nips24_IAse6CAG26
ANN020,Narain,"iclr25_sAxdIJ4l6z,iclr25_8w22WLy2R8,nips24_aRhxruC2bi,iclr25_2JN73Z8f9Q,iclr26_4DWFxTdsW3,iclr26_iyIzaoDVrT,iclr24_ZAgrdEhcr4,nips24_Zb2ixT19VF,nips23_dDk6URGRXP,nips24_IAse6CAG26",nips24_IAse6CAG26
ANN021,Bipasha,"nips24_XgwTH95kCl,nips23_SfXjt1FtMQ,nips24_js74ZCddxG,iclr25_sAxdIJ4l6z,iclr25_8w22WLy2R8,nips24_aRhxruC2bi,iclr25_2JN73Z8f9Q,iclr26_4DWFxTdsW3,iclr26_iyIzaoDVrT,nips24_IAse6CAG26",nips24_IAse6CAG26
ANN022,Yeshu,"iclr26_LDRcGTAF4s,nips23_b60wLlkBta,nips24_ncqauwSyl5,nips24_XgwTH95kCl,nips23_SfXjt1FtMQ,nips24_js74ZCddxG,iclr25_sAxdIJ4l6z,iclr25_8w22WLy2R8,nips24_aRhxruC2bi,nips24_IAse6CAG26",nips24_IAse6CAG26
ANN023,Devika,"iclr26_bcOD0CLgBb,nips24_a3cauWMXNV,iclr24_wwotGBxtC3,iclr26_LDRcGTAF4s,nips23_b60wLlkBta,nips24_ncqauwSyl5,nips24_XgwTH95kCl,nips23_SfXjt1FtMQ,nips24_js74ZCddxG,nips24_IAse6CAG26",nips24_IAse6CAG26
ANN024,Rohan,"iclr24_7OO8tTOgh4,iclr26_iZnJYZQnqf,colm24_QbCHlIqbDJ,iclr26_bcOD0CLgBb,nips24_a3cauWMXNV,iclr24_wwotGBxtC3,iclr26_LDRcGTAF4s,nips23_b60wLlkBta,nips24_ncqauwSyl5,nips24_IAse6CAG26",nips24_IAse6CAG26
ANN025,Shinde,"iclr26_4Z0P4Nbosn,iclr25_vw0NurJ7UX,iclr24_gBLEHzKOfF,iclr24_7OO8tTOgh4,iclr26_iZnJYZQnqf,colm24_QbCHlIqbDJ,iclr26_bcOD0CLgBb,nips24_a3cauWMXNV,iclr24_wwotGBxtC3,nips24_IAse6CAG26",nips24_IAse6CAG26
ANN026,Vivek,"nips23_kXOXrVnwbb,iclr26_AXXCo0pOSO,iclr26_pIFZtIjHyB,iclr26_4Z0P4Nbosn,iclr25_vw0NurJ7UX,iclr24_gBLEHzKOfF,iclr24_7OO8tTOgh4,iclr26_iZnJYZQnqf,colm24_QbCHlIqbDJ,nips24_IAse6CAG26",nips24_IAse6CAG26
ANN027,Abraham,"nips23_38dQv3OwN3,iclr26_tkwKLgCSmW,iclr24_pTHfApDakA,nips23_kXOXrVnwbb,iclr26_AXXCo0pOSO,iclr26_pIFZtIjHyB,iclr26_4Z0P4Nbosn,iclr25_vw0NurJ7UX,iclr24_gBLEHzKOfF,nips24_IAse6CAG26",nips24_IAse6CAG26
ANN028,Hari,"iclr26_iFrdyBKMff,nips23_bA3iR0jQO9,iclr24_Qyp3Rni2g1,nips23_38dQv3OwN3,iclr26_tkwKLgCSmW,iclr24_pTHfApDakA,nips23_kXOXrVnwbb,iclr26_AXXCo0pOSO,iclr26_pIFZtIjHyB,nips24_IAse6CAG26",nips24_IAse6CAG26
ANN029,Khooshi,"iclr26_nLVmi5OKql,iclr26_tvDlQj0GZB,iclr25_fBkdjUnymd,iclr26_iFrdyBKMff,nips23_bA3iR0jQO9,iclr24_Qyp3Rni2g1,nips23_38dQv3OwN3,iclr26_tkwKLgCSmW,iclr24_pTHfApDakA,nips24_IAse6CAG26",nips24_IAse6CAG26
ANN030,Saketh,"iclr26_ZHK6nBHRXw,iclr26_DYujKV4Ama,iclr26_4pQAHzsFlv,iclr26_nLVmi5OKql,iclr26_tvDlQj0GZB,iclr25_fBkdjUnymd,iclr26_iFrdyBKMff,nips23_bA3iR0jQO9,iclr24_Qyp3Rni2g1,nips24_IAse6CAG26",nips24_IAse6CAG26
ANN031,Raveesh,"iclr25_tZCqSVncRf,iclr24_I2mIxuXA72,iclr25_dugoA2gfhs,iclr26_ZHK6nBHRXw,iclr26_DYujKV4Ama,iclr26_4pQAHzsFlv,iclr26_nLVmi5OKql,iclr26_tvDlQj0GZB,iclr25_fBkdjUnymd,nips24_IAse6CAG26",nips24_IAse6CAG26
ANN032,Yajat,"iclr25_CbfsKHiWEn,iclr26_3YKeB9R1g9,iclr26_PeI4a4qeLY,iclr25_tZCqSVncRf,iclr24_I2mIxuXA72,iclr25_dugoA2gfhs,iclr26_ZHK6nBHRXw,iclr26_DYujKV4Ama,iclr26_4pQAHzsFlv,nips24_IAse6CAG26",nips24_IAse6CAG26
ANN033,Druhan,"iclr24_otoggKnn0A,nips24_xRdpCOdghl,iclr25_dIoLjHet58,iclr25_CbfsKHiWEn,iclr26_3YKeB9R1g9,iclr26_PeI4a4qeLY,iclr25_tZCqSVncRf,iclr24_I2mIxuXA72,iclr25_dugoA2gfhs,nips24_IAse6CAG26",nips24_IAse6CAG26
ANN034,Manas,"iclr25_prTI7MSt2X,iclr25_beAlX6RjsW,iclr24_ExiBN1ZWJn,iclr24_otoggKnn0A,nips24_xRdpCOdghl,iclr25_dIoLjHet58,iclr25_CbfsKHiWEn,iclr26_3YKeB9R1g9,iclr26_PeI4a4qeLY,nips24_IAse6CAG26",nips24_IAse6CAG26
ANN035,George,"iclr25_y5G1BfV7Am,nips23_S8hg5LpFvz,nips23_x6cOcxRnxG,iclr25_prTI7MSt2X,iclr25_beAlX6RjsW,iclr24_ExiBN1ZWJn,iclr24_otoggKnn0A,nips24_xRdpCOdghl,iclr25_dIoLjHet58,nips24_IAse6CAG26",nips24_IAse6CAG26
ANN036,Ishan,"iclr26_hU2gT2Ucua,iclr26_ukGxWd2aDG,iclr25_DtATVd5NLc,iclr25_y5G1BfV7Am,nips23_S8hg5LpFvz,nips23_x6cOcxRnxG,iclr25_prTI7MSt2X,iclr25_beAlX6RjsW,iclr24_ExiBN1ZWJn,nips24_IAse6CAG26",nips24_IAse6CAG26
ANN037,Vishnu,"iclr26_slbkP1quJj,iclr25_L5godAOC2z,iclr26_sC9gjsv7p7,iclr26_hU2gT2Ucua,iclr26_ukGxWd2aDG,iclr25_DtATVd5NLc,iclr25_y5G1BfV7Am,nips23_S8hg5LpFvz,nips23_x6cOcxRnxG,nips24_IAse6CAG26",nips24_IAse6CAG26
ANN038,Vinit,"iclr26_df4mr7eQg7,nips24_BSYn7ah4KX,colm24_oSG6qGkt1I,iclr26_slbkP1quJj,iclr25_L5godAOC2z,iclr26_sC9gjsv7p7,iclr26_hU2gT2Ucua,iclr26_ukGxWd2aDG,iclr25_DtATVd5NLc,nips24_IAse6CAG26",nips24_IAse6CAG26
ANN039,Sujay,"iclr25_OnMRWwOqCs,iclr25_d4njmzM7jf,nips23_e2MCL6hObn,iclr26_df4mr7eQg7,nips24_BSYn7ah4KX,colm24_oSG6qGkt1I,iclr26_slbkP1quJj,iclr25_L5godAOC2z,iclr26_sC9gjsv7p7,nips24_IAse6CAG26",nips24_IAse6CAG26
ANN040,Navdha,"iclr24_3oTPsORaDH,nips24_nU4lvlMwrt,iclr25_6o9QUqUq9f,iclr25_OnMRWwOqCs,iclr25_d4njmzM7jf,nips23_e2MCL6hObn,iclr26_df4mr7eQg7,nips24_BSYn7ah4KX,colm24_oSG6qGkt1I,nips24_IAse6CAG26",nips24_IAse6CAG26
ANN041,Anagha,"nips24_wqLC4G1GN3,iclr26_0cKUfYFeaf,iclr25_cjpTu0Op5t,iclr24_3oTPsORaDH,nips24_nU4lvlMwrt,iclr25_6o9QUqUq9f,iclr25_OnMRWwOqCs,iclr25_d4njmzM7jf,nips23_e2MCL6hObn,nips24_IAse6CAG26",nips24_IAse6CAG26
ANN042,Sushvin,"iclr26_rGoJxYibgj,iclr26_v2PglvLLKT,iclr25_uvHmnahyp1,nips24_wqLC4G1GN3,iclr26_0cKUfYFeaf,iclr25_cjpTu0Op5t,iclr24_3oTPsORaDH,nips24_nU4lvlMwrt,iclr25_6o9QUqUq9f,nips24_IAse6CAG26",nips24_IAse6CAG26
ANN043,Archit,"iclr26_hYojmwkXwQ,iclr26_LnYzMi3s0s,iclr26_vVMT9ODgwR,iclr26_rGoJxYibgj,iclr26_v2PglvLLKT,iclr25_uvHmnahyp1,nips24_wqLC4G1GN3,iclr26_0cKUfYFeaf,iclr25_cjpTu0Op5t,nips24_IAse6CAG26",nips24_IAse6CAG26
ANN044,Hrishiraj,"iclr24_Rry1SeSOQL,iclr26_GIoNMdPLLO,iclr26_I9f5NdjBvK,iclr26_hYojmwkXwQ,iclr26_LnYzMi3s0s,iclr26_vVMT9ODgwR,iclr26_rGoJxYibgj,iclr26_v2PglvLLKT,iclr25_uvHmnahyp1,nips24_IAse6CAG26",nips24_IAse6CAG26
ANN045,Romil,"nips24_A34sBX4R5N,iclr25_TmKeT3IFTZ,nips23_N6YNe4KxDc,iclr24_Rry1SeSOQL,iclr26_GIoNMdPLLO,iclr26_I9f5NdjBvK,iclr26_hYojmwkXwQ,iclr26_LnYzMi3s0s,iclr26_vVMT9ODgwR,nips24_IAse6CAG26",nips24_IAse6CAG26
ANN046,Durga,"iclr25_dNT3abOsLo,nips23_JTwxylP6U9,nips23_TUGoUNkccV,nips24_A34sBX4R5N,iclr25_TmKeT3IFTZ,nips23_N6YNe4KxDc,iclr24_Rry1SeSOQL,iclr26_GIoNMdPLLO,iclr26_I9f5NdjBvK,nips24_IAse6CAG26",nips24_IAse6CAG26
ANN047,Advait,"iclr25_77gQUdQhE7,nips24_lsd27JUJ8v,iclr25_qPTFzmXVLd,iclr25_dNT3abOsLo,nips23_JTwxylP6U9,nips23_TUGoUNkccV,nips24_A34sBX4R5N,iclr25_TmKeT3IFTZ,nips23_N6YNe4KxDc,nips24_IAse6CAG26",nips24_IAse6CAG26
ANN048,Inesh,"iclr25_qSEEQPNbu4,iclr24_7gLfQT52Nn,iclr24_MiMxv6ijvC,iclr25_77gQUdQhE7,nips24_lsd27JUJ8v,iclr25_qPTFzmXVLd,iclr25_dNT3abOsLo,nips23_JTwxylP6U9,nips23_TUGoUNkccV,nips24_IAse6CAG26",nips24_IAse6CAG26
ANN049,Kallind,"iclr24_WOiOzHG2zD,iclr26_N0Wh7ND71X,iclr25_EhSUM1FcJw,iclr25_qSEEQPNbu4,iclr24_7gLfQT52Nn,iclr24_MiMxv6ijvC,iclr25_77gQUdQhE7,nips24_lsd27JUJ8v,iclr25_qPTFzmXVLd,nips24_IAse6CAG26",nips24_IAse6CAG26
ANN050,Amol,"nips24_fvG6ZHrH0B,nips23_haHIji0yFt,iclr26_9ImUlAi3Yz,iclr24_WOiOzHG2zD,iclr26_N0Wh7ND71X,iclr25_EhSUM1FcJw,iclr25_qSEEQPNbu4,iclr24_7gLfQT52Nn,iclr24_MiMxv6ijvC,nips24_IAse6CAG26",nips24_IAse6CAG26
ANN051,Ananth,"iclr25_o8vCBFonHC,nips23_KQ25VgEvOJ,iclr26_MMLAvR1juf,nips24_fvG6ZHrH0B,nips23_haHIji0yFt,iclr26_9ImUlAi3Yz,iclr24_WOiOzHG2zD,iclr26_N0Wh7ND71X,iclr25_EhSUM1FcJw,nips24_IAse6CAG26",nips24_IAse6CAG26
ANN052,Siddharth,"iclr25_uffmkDtlR2,iclr24_i7oU4nfKEA,iclr26_qreuQQYQPE,iclr25_o8vCBFonHC,nips23_KQ25VgEvOJ,iclr26_MMLAvR1juf,nips24_fvG6ZHrH0B,nips23_haHIji0yFt,iclr26_9ImUlAi3Yz,nips24_IAse6CAG26",nips24_IAse6CAG26
ANN053,Abhinav PM,"iclr26_rTte3iUsXV,iclr24_l4k0MJuO9D,iclr26_PyXp0b5hcn,iclr25_uffmkDtlR2,iclr24_i7oU4nfKEA,iclr26_qreuQQYQPE,iclr25_o8vCBFonHC,nips23_KQ25VgEvOJ,iclr26_MMLAvR1juf,nips24_IAse6CAG26",nips24_IAse6CAG26
ANN054,Hemang,"iclr25_I0HfqpSH8f,iclr26_zV5FeNiWDO,iclr26_kpLRYtPGt3,iclr26_rTte3iUsXV,iclr24_l4k0MJuO9D,iclr26_PyXp0b5hcn,iclr25_uffmkDtlR2,iclr24_i7oU4nfKEA,iclr26_qreuQQYQPE,nips24_IAse6CAG26",nips24_IAse6CAG26
ANN055,Shrish,"iclr26_YsruHaTNYS,iclr24_LSYhE2hLWG,iclr26_9CpHEbtvA9,iclr25_I0HfqpSH8f,iclr26_zV5FeNiWDO,iclr26_kpLRYtPGt3,iclr26_rTte3iUsXV,iclr24_l4k0MJuO9D,iclr26_PyXp0b5hcn,nips24_IAse6CAG26",nips24_IAse6CAG26
ANN056,Lohith,"iclr24_bJx4iOIOxn,iclr25_fn0mjkZopf,iclr26_Z2XIRLv535,iclr26_YsruHaTNYS,iclr24_LSYhE2hLWG,iclr26_9CpHEbtvA9,iclr25_I0HfqpSH8f,iclr26_zV5FeNiWDO,iclr26_kpLRYtPGt3,nips24_IAse6CAG26",nips24_IAse6CAG26
ANN057,Dhyey,"iclr26_sWs0cCuM8I,iclr25_20mMK8UlFh,iclr25_hcVd3zpVvg,iclr24_bJx4iOIOxn,iclr25_fn0mjkZopf,iclr26_Z2XIRLv535,iclr26_YsruHaTNYS,iclr24_LSYhE2hLWG,iclr26_9CpHEbtvA9,nips24_IAse6CAG26",nips24_IAse6CAG26
ANN058,Avani,"iclr25_CGfWyU28Pd,iclr25_6Mg7pjG7Sw,nips23_YwgA3avHrP,iclr26_sWs0cCuM8I,iclr25_20mMK8UlFh,iclr25_hcVd3zpVvg,iclr24_bJx4iOIOxn,iclr25_fn0mjkZopf,iclr26_Z2XIRLv535,nips24_IAse6CAG26",nips24_IAse6CAG26
ANN059,Sai Aditya,"iclr26_RTTYGeC2Io,iclr26_NmxEQakIPK,iclr26_xwOxp1kwiO,iclr25_CGfWyU28Pd,iclr25_6Mg7pjG7Sw,nips23_YwgA3avHrP,iclr26_sWs0cCuM8I,iclr25_20mMK8UlFh,iclr25_hcVd3zpVvg,nips24_IAse6CAG26",nips24_IAse6CAG26
ANN060,Krishna,"iclr24_UTGv8CayNt,iclr26_oLxx7OhAb1,iclr24_4IT2pgc9v6,iclr26_RTTYGeC2Io,iclr26_NmxEQakIPK,iclr26_xwOxp1kwiO,iclr25_CGfWyU28Pd,iclr25_6Mg7pjG7Sw,nips23_YwgA3avHrP,nips24_IAse6CAG26",nips24_IAse6CAG26
